{
    "Background": [
        6914835,
        9680768.8351374865
    ],
    "Left-Accumbens-area": [
        445,
        622.99998939037323
    ],
    "Left-Amygdala": [
        539,
        754.59998714923859
    ],
    "Left-Caudate": [
        2643,
        3700.1999369859695
    ],
    "Left-Hippocampus": [
        2208,
        3091.1999473571777
    ],
    "Left-Pallidum": [
        1103,
        1544.1999737024307
    ],
    "Left-Putamen": [
        2609,
        3652.5999377965927
    ],
    "Left-Thalamus-Proper": [
        5841,
        8177.3998607397079
    ],
    "Right-Accumbens-area": [
        268,
        375.19999361038208
    ],
    "Right-Amygdala": [
        877,
        1227.7999790906906
    ],
    "Right-Caudate": [
        2869,
        4016.5999315977097
    ],
    "Right-Hippocampus": [
        2156,
        3018.3999485969543
    ],
    "Right-Pallidum": [
        1283,
        1796.1999694108963
    ],
    "Right-Putamen": [
        3396,
        4754.3999190330505
    ],
    "Right-Thalamus-Proper": [
        5744,
        8041.5998630523682
    ],
    "csf": [
        119567.0,
        167393.796875
    ],
    "gray": [
        473724.0,
        663213.5625
    ],
    "white": [
        360771.0,
        505079.40625
    ]
}