{
    "Background": 6914835,
    "Left-Accumbens-area": 445,
    "Left-Amygdala": 539,
    "Left-Caudate": 2643,
    "Left-Hippocampus": 2208,
    "Left-Pallidum": 1103,
    "Left-Putamen": 2609,
    "Left-Thalamus-Proper": 5841,
    "Right-Accumbens-area": 268,
    "Right-Amygdala": 877,
    "Right-Caudate": 2869,
    "Right-Hippocampus": 2156,
    "Right-Pallidum": 1283,
    "Right-Putamen": 3396,
    "Right-Thalamus-Proper": 5744,
    "csf": [
        119567.0,
        167393.796875
    ],
    "gray": [
        473724.0,
        663213.5625
    ],
    "white": [
        360771.0,
        505079.40625
    ]
}