{
    "Background": [
        7310972,
        10235360.625692844
    ],
    "Left-Accumbens-area": [
        384,
        537.5999908447266
    ],
    "Left-Amygdala": [
        796,
        1114.399981021881
    ],
    "Left-Caudate": [
        2724,
        3813.599935054779
    ],
    "Left-Hippocampus": [
        1842,
        2578.7999560832977
    ],
    "Left-Pallidum": [
        627,
        877.7999850511551
    ],
    "Left-Putamen": [
        2322,
        3250.799944639206
    ],
    "Left-Thalamus-Proper": [
        6773,
        9482.199838519096
    ],
    "Right-Accumbens-area": [
        323,
        452.1999922990799
    ],
    "Right-Amygdala": [
        586,
        820.3999860286713
    ],
    "Right-Caudate": [
        1833,
        2566.1999562978745
    ],
    "Right-Hippocampus": [
        2113,
        2958.1999496221542
    ],
    "Right-Pallidum": [
        882,
        1234.7999789714813
    ],
    "Right-Putamen": [
        2154,
        3015.599948644638
    ],
    "Right-Thalamus-Proper": [
        5701,
        7981.399864077568
    ],
    "csf": [
        114117.0,
        159763.796875
    ],
    "gray": [
        528099.0,
        739338.5625
    ],
    "white": [
        404215.0,
        565901.0
    ]
}