{
    "Background": [
        6910493,
        9674690.035241008
    ],
    "Left-Accumbens-area": [
        361,
        505.3999913930893
    ],
    "Left-Amygdala": [
        617,
        863.7999852895737
    ],
    "Left-Caudate": [
        3365,
        4710.999919772148
    ],
    "Left-Hippocampus": [
        2358,
        3301.199943780899
    ],
    "Left-Pallidum": [
        1307,
        1829.7999688386917
    ],
    "Left-Putamen": [
        3455,
        4836.999917626381
    ],
    "Left-Thalamus-Proper": [
        6431,
        9003.399846673012
    ],
    "Right-Accumbens-area": [
        305,
        426.99999272823334
    ],
    "Right-Amygdala": [
        681,
        953.3999837636948
    ],
    "Right-Caudate": [
        3276,
        4586.3999218940735
    ],
    "Right-Hippocampus": [
        2880,
        4031.999931335449
    ],
    "Right-Pallidum": [
        1420,
        1987.9999661445618
    ],
    "Right-Putamen": [
        3645,
        5102.999913096428
    ],
    "Right-Thalamus-Proper": [
        6222,
        8710.79985165596
    ],
    "csf": [
        147459.0,
        206442.59375
    ],
    "gray": [
        449698.0,
        629577.1875
    ],
    "white": [
        388665.0,
        544131.0
    ]
}