{
    "Background": [
        6913446,
        9678824.2351706028
    ],
    "Left-Accumbens-area": [
        300,
        419.99999284744263
    ],
    "Left-Amygdala": [
        674,
        943.59998393058777
    ],
    "Left-Caudate": [
        3026,
        4236.399927854538
    ],
    "Left-Hippocampus": [
        2049,
        2868.5999511480331
    ],
    "Left-Pallidum": [
        1078,
        1509.1999742984772
    ],
    "Left-Putamen": [
        2570,
        3597.9999387264252
    ],
    "Left-Thalamus-Proper": [
        6344,
        8881.5998487472534
    ],
    "Right-Accumbens-area": [
        337,
        471.79999196529388
    ],
    "Right-Amygdala": [
        847,
        1185.7999798059464
    ],
    "Right-Caudate": [
        2384,
        3337.5999431610107
    ],
    "Right-Hippocampus": [
        2570,
        3597.9999387264252
    ],
    "Right-Pallidum": [
        1169,
        1636.5999721288681
    ],
    "Right-Putamen": [
        3971,
        5559.3999053239822
    ],
    "Right-Thalamus-Proper": [
        6051,
        8471.3998557329178
    ],
    "csf": [
        127872.0,
        179020.796875
    ],
    "gray": [
        468800.0,
        656320.0
    ],
    "white": [
        374512.0,
        524316.8125
    ]
}