{
    "Background": [
        6915152,
        9681212.6351299286
    ],
    "Left-Accumbens-area": [
        312,
        436.79999256134033
    ],
    "Left-Amygdala": [
        763,
        1068.1999818086624
    ],
    "Left-Caudate": [
        2470,
        3457.999941110611
    ],
    "Left-Hippocampus": [
        2344,
        3281.5999441146851
    ],
    "Left-Pallidum": [
        1149,
        1608.5999726057053
    ],
    "Left-Putamen": [
        3460,
        4843.9999175071716
    ],
    "Left-Thalamus-Proper": [
        5621,
        7869.3998659849167
    ],
    "Right-Accumbens-area": [
        215,
        300.99999487400055
    ],
    "Right-Amygdala": [
        854,
        1195.5999796390533
    ],
    "Right-Caudate": [
        2324,
        3253.5999445915222
    ],
    "Right-Hippocampus": [
        2562,
        3586.79993891716
    ],
    "Right-Pallidum": [
        1128,
        1579.1999731063843
    ],
    "Right-Putamen": [
        3144,
        4401.5999250411987
    ],
    "Right-Thalamus-Proper": [
        5318,
        7445.1998732089996
    ],
    "csf": [
        136704.0,
        191385.59375
    ],
    "gray": [
        392947.0,
        550125.8125
    ],
    "white": [
        327872.0,
        459020.78125
    ]
}