{
    "Background": [
        6914100,
        9679739.8351550102
    ],
    "Left-Accumbens-area": [
        323,
        452.1999922990799
    ],
    "Left-Amygdala": [
        541,
        757.39998710155487
    ],
    "Left-Caudate": [
        2312,
        3236.7999448776245
    ],
    "Left-Hippocampus": [
        2068,
        2895.1999506950378
    ],
    "Left-Pallidum": [
        1231,
        1723.3999706506729
    ],
    "Left-Putamen": [
        3776,
        5286.3999099731445
    ],
    "Left-Thalamus-Proper": [
        6178,
        8649.1998527050018
    ],
    "Right-Accumbens-area": [
        259,
        362.5999938249588
    ],
    "Right-Amygdala": [
        552,
        772.79998683929443
    ],
    "Right-Caudate": [
        2844,
        3981.5999321937561
    ],
    "Right-Hippocampus": [
        2382,
        3334.7999432086945
    ],
    "Right-Pallidum": [
        1065,
        1490.9999746084213
    ],
    "Right-Putamen": [
        3161,
        4425.3999246358871
    ],
    "Right-Thalamus-Proper": [
        6024,
        8433.5998563766479
    ],
    "csf": [
        122929.0,
        172100.59375
    ],
    "gray": [
        442648.0,
        619707.1875
    ],
    "white": [
        364234.0,
        509927.59375
    ]
}