{
    "Background": [
        6914151,
        9679811.2351537943
    ],
    "Left-Accumbens-area": [
        328,
        459.19999217987061
    ],
    "Left-Amygdala": [
        477,
        667.79998862743378
    ],
    "Left-Caudate": [
        2318,
        3245.1999447345734
    ],
    "Left-Hippocampus": [
        2181,
        3053.3999480009079
    ],
    "Left-Pallidum": [
        1229,
        1720.5999706983566
    ],
    "Left-Putamen": [
        3794,
        5311.5999095439911
    ],
    "Left-Thalamus-Proper": [
        6170,
        8637.9998528957367
    ],
    "Right-Accumbens-area": [
        281,
        393.39999330043793
    ],
    "Right-Amygdala": [
        568,
        795.19998645782471
    ],
    "Right-Caudate": [
        2816,
        3942.3999328613281
    ],
    "Right-Hippocampus": [
        2354,
        3295.5999438762665
    ],
    "Right-Pallidum": [
        1060,
        1483.9999747276306
    ],
    "Right-Putamen": [
        3060,
        4283.9999270439148
    ],
    "Right-Thalamus-Proper": [
        6029,
        8440.5998562574387
    ],
    "csf": [
        122944.0,
        172121.59375
    ],
    "gray": [
        442648.0,
        619707.1875
    ],
    "white": [
        364219.0,
        509906.59375
    ]
}