{
    "Background": [
        6915164,
        9681229.4351296425
    ],
    "Left-Accumbens-area": [
        299,
        418.59999287128448
    ],
    "Left-Amygdala": [
        769,
        1076.5999816656113
    ],
    "Left-Caudate": [
        2467,
        3453.7999411821365
    ],
    "Left-Hippocampus": [
        2332,
        3264.7999444007874
    ],
    "Left-Pallidum": [
        1104,
        1545.5999736785889
    ],
    "Left-Putamen": [
        3456,
        4838.3999176025391
    ],
    "Left-Thalamus-Proper": [
        5626,
        7876.3998658657074
    ],
    "Right-Accumbens-area": [
        201,
        281.39999520778656
    ],
    "Right-Amygdala": [
        870,
        1217.9999792575836
    ],
    "Right-Caudate": [
        2327,
        3257.7999445199966
    ],
    "Right-Hippocampus": [
        2558,
        3581.1999390125275
    ],
    "Right-Pallidum": [
        1130,
        1581.9999730587006
    ],
    "Right-Putamen": [
        3187,
        4461.7999240159988
    ],
    "Right-Thalamus-Proper": [
        5326,
        7456.3998730182648
    ],
    "csf": [
        136695.0,
        191373.0
    ],
    "gray": [
        392949.0,
        550128.5625
    ],
    "white": [
        327879.0,
        459030.59375
    ]
}