{
    "Background": [
        12520435,
        9903859.716796875
    ],
    "Left-Accumbens-area": [
        396,
        313.2421875
    ],
    "Left-Amygdala": [
        1493,
        1180.986328125
    ],
    "Left-Caudate": [
        4003,
        3166.435546875
    ],
    "Left-Hippocampus": [
        5417,
        4284.931640625
    ],
    "Left-Pallidum": [
        2101,
        1661.923828125
    ],
    "Left-Putamen": [
        6796,
        5375.7421875
    ],
    "Left-Thalamus-Proper": [
        11283,
        8925.029296875
    ],
    "Right-Accumbens-area": [
        428,
        338.5546875
    ],
    "Right-Amygdala": [
        1214,
        960.29296875
    ],
    "Right-Caudate": [
        4743,
        3751.787109375
    ],
    "Right-Hippocampus": [
        4953,
        3917.900390625
    ],
    "Right-Pallidum": [
        2185,
        1728.369140625
    ],
    "Right-Putamen": [
        7271,
        5751.474609375
    ],
    "Right-Thalamus-Proper": [
        10194,
        8063.61328125
    ],
    "csf": [
        272252.0,
        215355.59375
    ],
    "gray": [
        968687.0,
        766246.5
    ],
    "white": [
        798549.0,
        631664.6875
    ]
}