{
    "Background": [
        6913821,
        9679349.235161662
    ],
    "Left-Accumbens-area": [
        328,
        459.1999921798706
    ],
    "Left-Amygdala": [
        490,
        685.9999883174896
    ],
    "Left-Caudate": [
        2541,
        3557.399939417839
    ],
    "Left-Hippocampus": [
        2173,
        3042.1999481916428
    ],
    "Left-Pallidum": [
        1230,
        1721.9999706745148
    ],
    "Left-Putamen": [
        3813,
        5338.199909090996
    ],
    "Left-Thalamus-Proper": [
        6174,
        8643.59985280037
    ],
    "Right-Accumbens-area": [
        268,
        375.1999936103821
    ],
    "Right-Amygdala": [
        546,
        764.3999869823456
    ],
    "Right-Caudate": [
        2838,
        3973.1999323368073
    ],
    "Right-Hippocampus": [
        2378,
        3329.199943304062
    ],
    "Right-Pallidum": [
        1070,
        1497.999974489212
    ],
    "Right-Putamen": [
        3117,
        4363.799925684929
    ],
    "Right-Thalamus-Proper": [
        6029,
        8440.599856257439
    ],
    "csf": [
        124537.0,
        174351.796875
    ],
    "gray": [
        437637.0,
        612691.8125
    ],
    "white": [
        362668.0,
        507735.1875
    ]
}