{
    "Background": [
        7311175,
        10235644.825688004
    ],
    "Left-Accumbens-area": [
        371,
        519.39999115467072
    ],
    "Left-Amygdala": [
        789,
        1104.5999811887741
    ],
    "Left-Caudate": [
        2744,
        3841.5999345779419
    ],
    "Left-Hippocampus": [
        1888,
        2643.1999549865723
    ],
    "Left-Pallidum": [
        632,
        884.7999849319458
    ],
    "Left-Putamen": [
        2282,
        3194.7999455928802
    ],
    "Left-Thalamus-Proper": [
        6716,
        9402.3998398780823
    ],
    "Right-Accumbens-area": [
        256,
        358.39999389648438
    ],
    "Right-Amygdala": [
        479,
        670.59998857975006
    ],
    "Right-Caudate": [
        1865,
        2610.999955534935
    ],
    "Right-Hippocampus": [
        2088,
        2923.1999502182007
    ],
    "Right-Pallidum": [
        884,
        1237.5999789237976
    ],
    "Right-Putamen": [
        2144,
        3001.5999488830566
    ],
    "Right-Thalamus-Proper": [
        5719,
        8006.5998636484146
    ],
    "csf": [
        111065.0,
        155491.0
    ],
    "gray": [
        533172.0,
        746440.8125
    ],
    "white": [
        404131.0,
        565783.375
    ]
}