{
    "Background": [
        12520652,
        9904031.3671875
    ],
    "Left-Accumbens-area": [
        305,
        241.259765625
    ],
    "Left-Amygdala": [
        1493,
        1180.986328125
    ],
    "Left-Caudate": [
        3859,
        3052.529296875
    ],
    "Left-Hippocampus": [
        5513,
        4360.869140625
    ],
    "Left-Pallidum": [
        2097,
        1658.759765625
    ],
    "Left-Putamen": [
        6978,
        5519.70703125
    ],
    "Left-Thalamus-Proper": [
        11177,
        8841.181640625
    ],
    "Right-Accumbens-area": [
        244,
        193.0078125
    ],
    "Right-Amygdala": [
        1253,
        991.142578125
    ],
    "Right-Caudate": [
        4667,
        3691.669921875
    ],
    "Right-Hippocampus": [
        4841,
        3829.306640625
    ],
    "Right-Pallidum": [
        2262,
        1789.27734375
    ],
    "Right-Putamen": [
        7499,
        5931.826171875
    ],
    "Right-Thalamus-Proper": [
        10072,
        7967.109375
    ],
    "csf": [
        272257.0,
        215359.546875
    ],
    "gray": [
        968685.0,
        766245.0
    ],
    "white": [
        798546.0,
        631662.375
    ]
}