{
    "Background": [
        7172779,
        10041890.428987622
    ],
    "Left-Accumbens-area": [
        505,
        706.99998795986176
    ],
    "Left-Amygdala": [
        784,
        1097.5999813079834
    ],
    "Left-Caudate": [
        3135,
        4388.9999252557755
    ],
    "Left-Hippocampus": [
        1789,
        2504.5999573469162
    ],
    "Left-Pallidum": [
        1509,
        2112.5999640226364
    ],
    "Left-Putamen": [
        4098,
        5737.1999022960663
    ],
    "Left-Thalamus-Proper": [
        6763,
        9468.199838757515
    ],
    "Right-Accumbens-area": [
        417,
        583.79999005794525
    ],
    "Right-Amygdala": [
        625,
        874.99998509883881
    ],
    "Right-Caudate": [
        3051,
        4271.3999272584915
    ],
    "Right-Hippocampus": [
        2148,
        3007.1999487876892
    ],
    "Right-Pallidum": [
        1284,
        1797.5999693870544
    ],
    "Right-Putamen": [
        3588,
        5023.1999144554138
    ],
    "Right-Thalamus-Proper": [
        6485,
        9078.9998453855515
    ],
    "csf": [
        150142.0,
        210198.796875
    ],
    "gray": [
        384748.0,
        538647.1875
    ],
    "white": [
        359366.0,
        503112.40625
    ]
}