{
    "Background": [
        7172861,
        10042005.228985667
    ],
    "Left-Accumbens-area": [
        501,
        701.39998805522919
    ],
    "Left-Amygdala": [
        750,
        1049.9999821186066
    ],
    "Left-Caudate": [
        3137,
        4391.7999252080917
    ],
    "Left-Hippocampus": [
        1806,
        2528.3999569416046
    ],
    "Left-Pallidum": [
        1506,
        2108.399964094162
    ],
    "Left-Putamen": [
        4094,
        5731.5999023914337
    ],
    "Left-Thalamus-Proper": [
        6733,
        9426.1998394727707
    ],
    "Right-Accumbens-area": [
        402,
        562.79999041557312
    ],
    "Right-Amygdala": [
        626,
        876.39998507499695
    ],
    "Right-Caudate": [
        3060,
        4283.9999270439148
    ],
    "Right-Hippocampus": [
        2153,
        3014.1999486684799
    ],
    "Right-Pallidum": [
        1284,
        1797.5999693870544
    ],
    "Right-Putamen": [
        3541,
        4957.3999155759811
    ],
    "Right-Thalamus-Proper": [
        6506,
        9108.3998448848724
    ],
    "csf": [
        150138.0,
        210193.203125
    ],
    "gray": [
        384749.0,
        538648.5625
    ],
    "white": [
        359369.0,
        503116.59375
    ]
}