{
    "Background": [
        6915271,
        9681379.235127091
    ],
    "Left-Accumbens-area": [
        305,
        426.99999272823334
    ],
    "Left-Amygdala": [
        767,
        1073.799981713295
    ],
    "Left-Caudate": [
        2474,
        3463.5999410152435
    ],
    "Left-Hippocampus": [
        2317,
        3243.799944758415
    ],
    "Left-Pallidum": [
        1105,
        1546.999973654747
    ],
    "Left-Putamen": [
        3453,
        4834.199917674065
    ],
    "Left-Thalamus-Proper": [
        5620,
        7867.9998660087585
    ],
    "Right-Accumbens-area": [
        202,
        282.7999951839447
    ],
    "Right-Amygdala": [
        860,
        1203.9999794960022
    ],
    "Right-Caudate": [
        2320,
        3247.9999446868896
    ],
    "Right-Hippocampus": [
        2515,
        3520.9999400377274
    ],
    "Right-Pallidum": [
        1129,
        1580.5999730825424
    ],
    "Right-Putamen": [
        3177,
        4447.799924254417
    ],
    "Right-Thalamus-Proper": [
        5301,
        7421.399873614311
    ],
    "csf": [
        136705.0,
        191387.0
    ],
    "gray": [
        392957.0,
        550139.8125
    ],
    "white": [
        327861.0,
        459005.40625
    ]
}