{
    "Background": [
        6914818,
        9680745.035137892
    ],
    "Left-Accumbens-area": [
        457,
        639.7999891042709
    ],
    "Left-Amygdala": [
        543,
        760.1999870538712
    ],
    "Left-Caudate": [
        2632,
        3684.79993724823
    ],
    "Left-Hippocampus": [
        2233,
        3126.1999467611313
    ],
    "Left-Pallidum": [
        1108,
        1551.1999735832214
    ],
    "Left-Putamen": [
        2628,
        3679.1999373435974
    ],
    "Left-Thalamus-Proper": [
        5835,
        8168.999860882759
    ],
    "Right-Accumbens-area": [
        272,
        380.79999351501465
    ],
    "Right-Amygdala": [
        845,
        1182.99997985363
    ],
    "Right-Caudate": [
        2878,
        4029.199931383133
    ],
    "Right-Hippocampus": [
        2186,
        3060.3999478816986
    ],
    "Right-Pallidum": [
        1288,
        1803.199969291687
    ],
    "Right-Putamen": [
        3349,
        4688.599920153618
    ],
    "Right-Thalamus-Proper": [
        5744,
        8041.599863052368
    ],
    "csf": [
        119566.0,
        167392.390625
    ],
    "gray": [
        473713.0,
        663198.1875
    ],
    "white": [
        360783.0,
        505096.1875
    ]
}