{
    "Background": [
        6910489,
        9674684.4352411032
    ],
    "Left-Accumbens-area": [
        347,
        485.79999172687531
    ],
    "Left-Amygdala": [
        597,
        835.79998576641083
    ],
    "Left-Caudate": [
        3378,
        4729.199919462204
    ],
    "Left-Hippocampus": [
        2403,
        3364.1999427080154
    ],
    "Left-Pallidum": [
        1329,
        1860.5999683141708
    ],
    "Left-Putamen": [
        3478,
        4869.1999170780182
    ],
    "Left-Thalamus-Proper": [
        6419,
        8986.5998469591141
    ],
    "Right-Accumbens-area": [
        303,
        424.19999277591705
    ],
    "Right-Amygdala": [
        641,
        897.39998471736908
    ],
    "Right-Caudate": [
        3284,
        4597.5999217033386
    ],
    "Right-Hippocampus": [
        2887,
        4041.7999311685562
    ],
    "Right-Pallidum": [
        1412,
        1976.7999663352966
    ],
    "Right-Putamen": [
        3618,
        5065.1999137401581
    ],
    "Right-Thalamus-Proper": [
        6231,
        8723.3998514413834
    ],
    "csf": [
        147455.0,
        206437.0
    ],
    "gray": [
        449694.0,
        629571.5625
    ],
    "white": [
        388673.0,
        544142.1875
    ]
}