{
    "Background": [
        6909359,
        9673102.435268044
    ],
    "Left-Accumbens-area": [
        290,
        405.9999930858612
    ],
    "Left-Amygdala": [
        856,
        1198.3999795913696
    ],
    "Left-Caudate": [
        3143,
        4400.199925065041
    ],
    "Left-Hippocampus": [
        2673,
        3742.199936270714
    ],
    "Left-Pallidum": [
        1371,
        1919.3999673128128
    ],
    "Left-Putamen": [
        4276,
        5986.399898052216
    ],
    "Left-Thalamus-Proper": [
        6425,
        8994.999846816063
    ],
    "Right-Accumbens-area": [
        372,
        520.7999911308289
    ],
    "Right-Amygdala": [
        617,
        863.7999852895737
    ],
    "Right-Caudate": [
        3070,
        4297.999926805496
    ],
    "Right-Hippocampus": [
        2817,
        3943.7999328374863
    ],
    "Right-Pallidum": [
        1393,
        1950.199966788292
    ],
    "Right-Putamen": [
        3838,
        5373.199908494949
    ],
    "Right-Thalamus-Proper": [
        6316,
        8842.399849414825
    ],
    "csf": [
        141371.0,
        197919.390625
    ],
    "gray": [
        503953.0,
        705534.1875
    ],
    "white": [
        418115.0,
        585361.0
    ]
}