{
    "Background": [
        6913421,
        9678789.2351711988
    ],
    "Left-Accumbens-area": [
        296,
        414.39999294281006
    ],
    "Left-Amygdala": [
        694,
        971.59998345375061
    ],
    "Left-Caudate": [
        3064,
        4289.5999269485474
    ],
    "Left-Hippocampus": [
        2026,
        2836.3999516963959
    ],
    "Left-Pallidum": [
        1063,
        1488.199974656105
    ],
    "Left-Putamen": [
        2583,
        3616.199938416481
    ],
    "Left-Thalamus-Proper": [
        6307,
        8829.7998496294022
    ],
    "Right-Accumbens-area": [
        383,
        536.19999086856842
    ],
    "Right-Amygdala": [
        861,
        1205.3999794721603
    ],
    "Right-Caudate": [
        2377,
        3327.7999433279037
    ],
    "Right-Hippocampus": [
        2580,
        3611.9999384880066
    ],
    "Right-Pallidum": [
        1161,
        1625.399972319603
    ],
    "Right-Putamen": [
        3954,
        5535.5999057292938
    ],
    "Right-Thalamus-Proper": [
        6046,
        8464.3998558521271
    ],
    "csf": [
        127851.0,
        178991.390625
    ],
    "gray": [
        468806.0,
        656328.375
    ],
    "white": [
        374527.0,
        524337.8125
    ]
}