{
    "Background": [
        6909309,
        9673032.4352692366
    ],
    "Left-Accumbens-area": [
        292,
        408.79999303817749
    ],
    "Left-Amygdala": [
        841,
        1177.3999799489975
    ],
    "Left-Caudate": [
        3172,
        4440.7999243736267
    ],
    "Left-Hippocampus": [
        2663,
        3728.1999365091324
    ],
    "Left-Pallidum": [
        1380,
        1931.9999670982361
    ],
    "Left-Putamen": [
        4287,
        6001.7998977899551
    ],
    "Left-Thalamus-Proper": [
        6421,
        8989.3998469114304
    ],
    "Right-Accumbens-area": [
        354,
        495.5999915599823
    ],
    "Right-Amygdala": [
        607,
        849.79998552799225
    ],
    "Right-Caudate": [
        3051,
        4271.3999272584915
    ],
    "Right-Hippocampus": [
        2810,
        3933.9999330043793
    ],
    "Right-Pallidum": [
        1386,
        1940.3999669551849
    ],
    "Right-Putamen": [
        3965,
        5550.9999054670334
    ],
    "Right-Thalamus-Proper": [
        6278,
        8789.199850320816
    ],
    "csf": [
        141376.0,
        197926.390625
    ],
    "gray": [
        503948.0,
        705527.1875
    ],
    "white": [
        418115.0,
        585361.0
    ]
}