{
    "Background": [
        6909342,
        9673078.6352684498
    ],
    "Left-Accumbens-area": [
        344,
        481.59999179840088
    ],
    "Left-Amygdala": [
        873,
        1222.199979186058
    ],
    "Left-Caudate": [
        3122,
        4370.7999255657196
    ],
    "Left-Hippocampus": [
        2671,
        3739.3999363183975
    ],
    "Left-Pallidum": [
        1370,
        1917.9999673366547
    ],
    "Left-Putamen": [
        4282,
        5994.7998979091644
    ],
    "Left-Thalamus-Proper": [
        6424,
        8993.5998468399048
    ],
    "Right-Accumbens-area": [
        370,
        517.99999117851257
    ],
    "Right-Amygdala": [
        591,
        827.39998590946198
    ],
    "Right-Caudate": [
        3082,
        4314.7999265193939
    ],
    "Right-Hippocampus": [
        2812,
        3936.7999329566956
    ],
    "Right-Pallidum": [
        1393,
        1950.1999667882919
    ],
    "Right-Putamen": [
        3823,
        5352.1999088525772
    ],
    "Right-Thalamus-Proper": [
        6317,
        8843.7998493909836
    ],
    "csf": [
        141376.0,
        197926.390625
    ],
    "gray": [
        503948.0,
        705527.1875
    ],
    "white": [
        418115.0,
        585361.0
    ]
}