{
    "Background": [
        8088809,
        9706571.1857044697
    ],
    "Left-Accumbens-area": [
        248,
        297.60001182556152
    ],
    "Left-Amygdala": [
        619,
        742.80002951622009
    ],
    "Left-Caudate": [
        2912,
        3494.4001388549805
    ],
    "Left-Hippocampus": [
        3077,
        3692.4001467227936
    ],
    "Left-Pallidum": [
        1453,
        1743.6000692844391
    ],
    "Left-Putamen": [
        4790,
        5748.0002284049988
    ],
    "Left-Thalamus-Proper": [
        6808,
        8169.6003246307373
    ],
    "Right-Accumbens-area": [
        287,
        344.40001368522644
    ],
    "Right-Amygdala": [
        612,
        734.40002918243408
    ],
    "Right-Caudate": [
        3110,
        3732.0001482963562
    ],
    "Right-Hippocampus": [
        1966,
        2359.2000937461853
    ],
    "Right-Pallidum": [
        1504,
        1804.8000717163086
    ],
    "Right-Putamen": [
        3897,
        4676.4001858234406
    ],
    "Right-Thalamus-Proper": [
        6372,
        7646.4003038406372
    ],
    "csf": [
        162220.0,
        194664.0
    ],
    "gray": [
        493957.0,
        592748.4375
    ],
    "white": [
        385743.0,
        462891.625
    ]
}