{
    "Background": [
        6910441,
        9674617.2352422476
    ],
    "Left-Accumbens-area": [
        351,
        491.39999163150787
    ],
    "Left-Amygdala": [
        623,
        872.19998514652252
    ],
    "Left-Caudate": [
        3377,
        4727.7999194860458
    ],
    "Left-Hippocampus": [
        2383,
        3336.1999431848526
    ],
    "Left-Pallidum": [
        1321,
        1849.3999685049057
    ],
    "Left-Putamen": [
        3485,
        4878.9999169111252
    ],
    "Left-Thalamus-Proper": [
        6417,
        8983.7998470067978
    ],
    "Right-Accumbens-area": [
        303,
        424.19999277591705
    ],
    "Right-Amygdala": [
        634,
        887.59998488426208
    ],
    "Right-Caudate": [
        3273,
        4582.1999219655991
    ],
    "Right-Hippocampus": [
        2882,
        4034.7999312877655
    ],
    "Right-Pallidum": [
        1416,
        1982.3999662399292
    ],
    "Right-Putamen": [
        3686,
        5160.3999121189117
    ],
    "Right-Thalamus-Proper": [
        6224,
        8713.5998516082764
    ],
    "csf": [
        147465.0,
        206451.0
    ],
    "gray": [
        449694.0,
        629571.5625
    ],
    "white": [
        388663.0,
        544128.1875
    ]
}