{
    "Background": [
        8088702,
        9706442.785699368
    ],
    "Left-Accumbens-area": [
        266,
        319.2000126838684
    ],
    "Left-Amygdala": [
        607,
        728.4000289440155
    ],
    "Left-Caudate": [
        2930,
        3516.0001397132874
    ],
    "Left-Hippocampus": [
        3063,
        3675.6001460552216
    ],
    "Left-Pallidum": [
        1447,
        1736.4000689983368
    ],
    "Left-Putamen": [
        4854,
        5824.800231456757
    ],
    "Left-Thalamus-Proper": [
        6794,
        8152.800323963165
    ],
    "Right-Accumbens-area": [
        134,
        160.80000638961792
    ],
    "Right-Amygdala": [
        609,
        730.8000290393829
    ],
    "Right-Caudate": [
        3191,
        3829.200152158737
    ],
    "Right-Hippocampus": [
        1944,
        2332.8000926971436
    ],
    "Right-Pallidum": [
        1497,
        1796.4000713825226
    ],
    "Right-Putamen": [
        4058,
        4869.600193500519
    ],
    "Right-Thalamus-Proper": [
        6368,
        7641.600303649902
    ],
    "csf": [
        163864.0,
        196636.8125
    ],
    "gray": [
        492319.0,
        590782.8125
    ],
    "white": [
        386182.0,
        463418.40625
    ]
}