{
    "Background": [
        6914755,
        9680656.8351393938
    ],
    "Left-Accumbens-area": [
        431,
        603.39998972415924
    ],
    "Left-Amygdala": [
        526,
        736.39998745918274
    ],
    "Left-Caudate": [
        2623,
        3672.1999374628067
    ],
    "Left-Hippocampus": [
        2229,
        3120.5999468564987
    ],
    "Left-Pallidum": [
        1098,
        1537.19997382164
    ],
    "Left-Putamen": [
        2680,
        3751.9999361038208
    ],
    "Left-Thalamus-Proper": [
        5845,
        8182.9998606443405
    ],
    "Right-Accumbens-area": [
        278,
        389.1999933719635
    ],
    "Right-Amygdala": [
        818,
        1145.1999804973602
    ],
    "Right-Caudate": [
        2945,
        4122.9999297857285
    ],
    "Right-Hippocampus": [
        2160,
        3023.9999485015869
    ],
    "Right-Pallidum": [
        1286,
        1800.3999693393707
    ],
    "Right-Putamen": [
        3391,
        4747.3999191522598
    ],
    "Right-Thalamus-Proper": [
        5751,
        8051.3998628854752
    ],
    "csf": [
        119560.0,
        167384.0
    ],
    "gray": [
        473718.0,
        663205.1875
    ],
    "white": [
        360784.0,
        505097.59375
    ]
}