{
    "Background": [
        6913374,
        9678723.43517232
    ],
    "Left-Accumbens-area": [
        333,
        466.1999920606613
    ],
    "Left-Amygdala": [
        692,
        968.7999835014343
    ],
    "Left-Caudate": [
        3024,
        4233.599927902222
    ],
    "Left-Hippocampus": [
        2022,
        2830.7999517917633
    ],
    "Left-Pallidum": [
        1090,
        1525.9999740123749
    ],
    "Left-Putamen": [
        2577,
        3607.799938559532
    ],
    "Left-Thalamus-Proper": [
        6311,
        8835.399849534035
    ],
    "Right-Accumbens-area": [
        364,
        509.5999913215637
    ],
    "Right-Amygdala": [
        839,
        1174.5999799966812
    ],
    "Right-Caudate": [
        2401,
        3361.399942755699
    ],
    "Right-Hippocampus": [
        2573,
        3602.1999386548996
    ],
    "Right-Pallidum": [
        1177,
        1647.7999719381332
    ],
    "Right-Putamen": [
        3989,
        5584.599904894829
    ],
    "Right-Thalamus-Proper": [
        6050,
        8469.99985575676
    ],
    "csf": [
        127858.0,
        179001.203125
    ],
    "gray": [
        468808.0,
        656331.1875
    ],
    "white": [
        374518.0,
        524325.1875
    ]
}