{
    "Background": [
        7172808,
        10041931.02898693
    ],
    "Left-Accumbens-area": [
        497,
        695.7999881505966
    ],
    "Left-Amygdala": [
        753,
        1054.199982047081
    ],
    "Left-Caudate": [
        3139,
        4394.599925160408
    ],
    "Left-Hippocampus": [
        1795,
        2512.999957203865
    ],
    "Left-Pallidum": [
        1482,
        2074.7999646663666
    ],
    "Left-Putamen": [
        4087,
        5721.799902558327
    ],
    "Left-Thalamus-Proper": [
        6714,
        9399.599839925766
    ],
    "Right-Accumbens-area": [
        386,
        540.3999907970428
    ],
    "Right-Amygdala": [
        617,
        863.7999852895737
    ],
    "Right-Caudate": [
        3064,
        4289.599926948547
    ],
    "Right-Hippocampus": [
        2157,
        3019.7999485731125
    ],
    "Right-Pallidum": [
        1262,
        1766.7999699115753
    ],
    "Right-Putamen": [
        3685,
        5158.999912142754
    ],
    "Right-Thalamus-Proper": [
        6514,
        9119.599844694138
    ],
    "csf": [
        150141.0,
        210197.390625
    ],
    "gray": [
        384742.0,
        538638.8125
    ],
    "white": [
        359373.0,
        503122.1875
    ]
}